evidence_key	commit_sha	run_url	artifact_url	artifact_digest	index_sha256	target_cells	parity_report	systemd_run_url	systemd_artifact_url	systemd_artifact_digest	verification_report
debian/steam	93f4a37923d32f1aa67f71f2f7f22140be0d77a5	https://github.com/Yunushan/linux-software-installer/actions/runs/29652229194	https://github.com/Yunushan/linux-software-installer/actions/runs/29652229194/artifacts/8432314089	sha256:756df89ebcc27889612281bd46caa05bde73d6268e3db045019b69a9a8dd71d3	02c6e4edfd8c76657790b20562e7c94b44b9761fc76061115d1c39826ed2ce46	ubuntu-24-04	docs/parity-reviews/debian-steam.md	-	-	-	docs/evidence-verification/debian-steam.json
debian/go-for-it	93f4a37923d32f1aa67f71f2f7f22140be0d77a5	https://github.com/Yunushan/linux-software-installer/actions/runs/29652229194	https://github.com/Yunushan/linux-software-installer/actions/runs/29652229194/artifacts/8432314089	sha256:756df89ebcc27889612281bd46caa05bde73d6268e3db045019b69a9a8dd71d3	02c6e4edfd8c76657790b20562e7c94b44b9761fc76061115d1c39826ed2ce46	debian-12,ubuntu-24-04,ubuntu-26-04	docs/parity-reviews/debian-go-for-it.md	-	-	-	docs/evidence-verification/debian-go-for-it.json
debian/hexchat	93f4a37923d32f1aa67f71f2f7f22140be0d77a5	https://github.com/Yunushan/linux-software-installer/actions/runs/29652229194	https://github.com/Yunushan/linux-software-installer/actions/runs/29652229194/artifacts/8432314089	sha256:756df89ebcc27889612281bd46caa05bde73d6268e3db045019b69a9a8dd71d3	02c6e4edfd8c76657790b20562e7c94b44b9761fc76061115d1c39826ed2ce46	debian-12,ubuntu-24-04,ubuntu-26-04	docs/parity-reviews/debian-hexchat.md	-	-	-	docs/evidence-verification/debian-hexchat.json
debian/konversation	93f4a37923d32f1aa67f71f2f7f22140be0d77a5	https://github.com/Yunushan/linux-software-installer/actions/runs/29652229194	https://github.com/Yunushan/linux-software-installer/actions/runs/29652229194/artifacts/8432314089	sha256:756df89ebcc27889612281bd46caa05bde73d6268e3db045019b69a9a8dd71d3	02c6e4edfd8c76657790b20562e7c94b44b9761fc76061115d1c39826ed2ce46	debian-12,ubuntu-24-04,ubuntu-26-04	docs/parity-reviews/debian-konversation.md	-	-	-	docs/evidence-verification/debian-konversation.json
debian/liferea	93f4a37923d32f1aa67f71f2f7f22140be0d77a5	https://github.com/Yunushan/linux-software-installer/actions/runs/29652229194	https://github.com/Yunushan/linux-software-installer/actions/runs/29652229194/artifacts/8432314089	sha256:756df89ebcc27889612281bd46caa05bde73d6268e3db045019b69a9a8dd71d3	02c6e4edfd8c76657790b20562e7c94b44b9761fc76061115d1c39826ed2ce46	debian-12,ubuntu-24-04,ubuntu-26-04	docs/parity-reviews/debian-liferea.md	-	-	-	docs/evidence-verification/debian-liferea.json
debian/blender	93f4a37923d32f1aa67f71f2f7f22140be0d77a5	https://github.com/Yunushan/linux-software-installer/actions/runs/29652229194	https://github.com/Yunushan/linux-software-installer/actions/runs/29652229194/artifacts/8432314089	sha256:756df89ebcc27889612281bd46caa05bde73d6268e3db045019b69a9a8dd71d3	02c6e4edfd8c76657790b20562e7c94b44b9761fc76061115d1c39826ed2ce46	debian-12,ubuntu-24-04,ubuntu-26-04	docs/parity-reviews/debian-blender.md	-	-	-	docs/evidence-verification/debian-blender.json
debian/build-tools	93f4a37923d32f1aa67f71f2f7f22140be0d77a5	https://github.com/Yunushan/linux-software-installer/actions/runs/29652229194	https://github.com/Yunushan/linux-software-installer/actions/runs/29652229194/artifacts/8432314089	sha256:756df89ebcc27889612281bd46caa05bde73d6268e3db045019b69a9a8dd71d3	02c6e4edfd8c76657790b20562e7c94b44b9761fc76061115d1c39826ed2ce46	debian-12,ubuntu-24-04,ubuntu-26-04	docs/parity-reviews/debian-build-tools.md	-	-	-	docs/evidence-verification/debian-build-tools.json
debian/caffeine	93f4a37923d32f1aa67f71f2f7f22140be0d77a5	https://github.com/Yunushan/linux-software-installer/actions/runs/29652229194	https://github.com/Yunushan/linux-software-installer/actions/runs/29652229194/artifacts/8432314089	sha256:756df89ebcc27889612281bd46caa05bde73d6268e3db045019b69a9a8dd71d3	02c6e4edfd8c76657790b20562e7c94b44b9761fc76061115d1c39826ed2ce46	debian-12,ubuntu-24-04,ubuntu-26-04	docs/parity-reviews/debian-caffeine.md	-	-	-	docs/evidence-verification/debian-caffeine.json
debian/calibre	93f4a37923d32f1aa67f71f2f7f22140be0d77a5	https://github.com/Yunushan/linux-software-installer/actions/runs/29652229194	https://github.com/Yunushan/linux-software-installer/actions/runs/29652229194/artifacts/8432314089	sha256:756df89ebcc27889612281bd46caa05bde73d6268e3db045019b69a9a8dd71d3	02c6e4edfd8c76657790b20562e7c94b44b9761fc76061115d1c39826ed2ce46	debian-12,ubuntu-24-04,ubuntu-26-04	docs/parity-reviews/debian-calibre.md	-	-	-	docs/evidence-verification/debian-calibre.json
debian/conky	93f4a37923d32f1aa67f71f2f7f22140be0d77a5	https://github.com/Yunushan/linux-software-installer/actions/runs/29652229194	https://github.com/Yunushan/linux-software-installer/actions/runs/29652229194/artifacts/8432314089	sha256:756df89ebcc27889612281bd46caa05bde73d6268e3db045019b69a9a8dd71d3	02c6e4edfd8c76657790b20562e7c94b44b9761fc76061115d1c39826ed2ce46	debian-12,ubuntu-24-04,ubuntu-26-04	docs/parity-reviews/debian-conky.md	-	-	-	docs/evidence-verification/debian-conky.json
debian/vim	93f4a37923d32f1aa67f71f2f7f22140be0d77a5	https://github.com/Yunushan/linux-software-installer/actions/runs/29652229194	https://github.com/Yunushan/linux-software-installer/actions/runs/29652229194/artifacts/8432314089	sha256:756df89ebcc27889612281bd46caa05bde73d6268e3db045019b69a9a8dd71d3	02c6e4edfd8c76657790b20562e7c94b44b9761fc76061115d1c39826ed2ce46	debian-12,ubuntu-24-04,ubuntu-26-04	docs/parity-reviews/debian-vim.md	-	-	-	docs/evidence-verification/debian-vim.json
debian/neovim	93f4a37923d32f1aa67f71f2f7f22140be0d77a5	https://github.com/Yunushan/linux-software-installer/actions/runs/29652229194	https://github.com/Yunushan/linux-software-installer/actions/runs/29652229194/artifacts/8432314089	sha256:756df89ebcc27889612281bd46caa05bde73d6268e3db045019b69a9a8dd71d3	02c6e4edfd8c76657790b20562e7c94b44b9761fc76061115d1c39826ed2ce46	debian-12,ubuntu-24-04,ubuntu-26-04	docs/parity-reviews/debian-neovim.md	-	-	-	docs/evidence-verification/debian-neovim.json
debian/midnight-commander	93f4a37923d32f1aa67f71f2f7f22140be0d77a5	https://github.com/Yunushan/linux-software-installer/actions/runs/29652229194	https://github.com/Yunushan/linux-software-installer/actions/runs/29652229194/artifacts/8432314089	sha256:756df89ebcc27889612281bd46caa05bde73d6268e3db045019b69a9a8dd71d3	02c6e4edfd8c76657790b20562e7c94b44b9761fc76061115d1c39826ed2ce46	debian-12,ubuntu-24-04,ubuntu-26-04	docs/parity-reviews/debian-midnight-commander.md	-	-	-	docs/evidence-verification/debian-midnight-commander.json
debian/irssi	93f4a37923d32f1aa67f71f2f7f22140be0d77a5	https://github.com/Yunushan/linux-software-installer/actions/runs/29652229194	https://github.com/Yunushan/linux-software-installer/actions/runs/29652229194/artifacts/8432314089	sha256:756df89ebcc27889612281bd46caa05bde73d6268e3db045019b69a9a8dd71d3	02c6e4edfd8c76657790b20562e7c94b44b9761fc76061115d1c39826ed2ce46	debian-12,ubuntu-24-04,ubuntu-26-04	docs/parity-reviews/debian-irssi.md	-	-	-	docs/evidence-verification/debian-irssi.json
debian/vuze	93f4a37923d32f1aa67f71f2f7f22140be0d77a5	https://github.com/Yunushan/linux-software-installer/actions/runs/29652229194	https://github.com/Yunushan/linux-software-installer/actions/runs/29652229194/artifacts/8432314089	sha256:756df89ebcc27889612281bd46caa05bde73d6268e3db045019b69a9a8dd71d3	02c6e4edfd8c76657790b20562e7c94b44b9761fc76061115d1c39826ed2ce46	debian-12,ubuntu-24-04,ubuntu-26-04	docs/parity-reviews/debian-vuze.md	-	-	-	docs/evidence-verification/debian-vuze.json
debian/ffmpeg	93f4a37923d32f1aa67f71f2f7f22140be0d77a5	https://github.com/Yunushan/linux-software-installer/actions/runs/29652229194	https://github.com/Yunushan/linux-software-installer/actions/runs/29652229194/artifacts/8432314089	sha256:756df89ebcc27889612281bd46caa05bde73d6268e3db045019b69a9a8dd71d3	02c6e4edfd8c76657790b20562e7c94b44b9761fc76061115d1c39826ed2ce46	debian-12,ubuntu-24-04,ubuntu-26-04	docs/parity-reviews/debian-ffmpeg.md	-	-	-	docs/evidence-verification/debian-ffmpeg.json
debian/monitoring-tools	93f4a37923d32f1aa67f71f2f7f22140be0d77a5	https://github.com/Yunushan/linux-software-installer/actions/runs/29652229194	https://github.com/Yunushan/linux-software-installer/actions/runs/29652229194/artifacts/8432314089	sha256:756df89ebcc27889612281bd46caa05bde73d6268e3db045019b69a9a8dd71d3	02c6e4edfd8c76657790b20562e7c94b44b9761fc76061115d1c39826ed2ce46	debian-12,ubuntu-24-04,ubuntu-26-04	docs/parity-reviews/debian-monitoring-tools.md	-	-	-	docs/evidence-verification/debian-monitoring-tools.json
debian/wine	93f4a37923d32f1aa67f71f2f7f22140be0d77a5	https://github.com/Yunushan/linux-software-installer/actions/runs/29652229194	https://github.com/Yunushan/linux-software-installer/actions/runs/29652229194/artifacts/8432314089	sha256:756df89ebcc27889612281bd46caa05bde73d6268e3db045019b69a9a8dd71d3	02c6e4edfd8c76657790b20562e7c94b44b9761fc76061115d1c39826ed2ce46	debian-12,ubuntu-24-04,ubuntu-26-04	docs/parity-reviews/debian-wine.md	-	-	-	docs/evidence-verification/debian-wine.json
debian/qbittorrent	93f4a37923d32f1aa67f71f2f7f22140be0d77a5	https://github.com/Yunushan/linux-software-installer/actions/runs/29652229194	https://github.com/Yunushan/linux-software-installer/actions/runs/29652229194/artifacts/8432314089	sha256:756df89ebcc27889612281bd46caa05bde73d6268e3db045019b69a9a8dd71d3	02c6e4edfd8c76657790b20562e7c94b44b9761fc76061115d1c39826ed2ce46	debian-12,ubuntu-24-04,ubuntu-26-04	docs/parity-reviews/debian-qbittorrent.md	-	-	-	docs/evidence-verification/debian-qbittorrent.json
debian/gimp	93f4a37923d32f1aa67f71f2f7f22140be0d77a5	https://github.com/Yunushan/linux-software-installer/actions/runs/29652229194	https://github.com/Yunushan/linux-software-installer/actions/runs/29652229194/artifacts/8432314089	sha256:756df89ebcc27889612281bd46caa05bde73d6268e3db045019b69a9a8dd71d3	02c6e4edfd8c76657790b20562e7c94b44b9761fc76061115d1c39826ed2ce46	debian-12,ubuntu-24-04,ubuntu-26-04	docs/parity-reviews/debian-gimp.md	-	-	-	docs/evidence-verification/debian-gimp.json
debian/nmap	93f4a37923d32f1aa67f71f2f7f22140be0d77a5	https://github.com/Yunushan/linux-software-installer/actions/runs/29652229194	https://github.com/Yunushan/linux-software-installer/actions/runs/29652229194/artifacts/8432314089	sha256:756df89ebcc27889612281bd46caa05bde73d6268e3db045019b69a9a8dd71d3	02c6e4edfd8c76657790b20562e7c94b44b9761fc76061115d1c39826ed2ce46	debian-12,ubuntu-24-04,ubuntu-26-04	docs/parity-reviews/debian-nmap.md	-	-	-	docs/evidence-verification/debian-nmap.json
rhel/nmap	93f4a37923d32f1aa67f71f2f7f22140be0d77a5	https://github.com/Yunushan/linux-software-installer/actions/runs/29652229194	https://github.com/Yunushan/linux-software-installer/actions/runs/29652229194/artifacts/8432314089	sha256:756df89ebcc27889612281bd46caa05bde73d6268e3db045019b69a9a8dd71d3	02c6e4edfd8c76657790b20562e7c94b44b9761fc76061115d1c39826ed2ce46	alma-9-8,rocky-9-8	docs/parity-reviews/rhel-nmap.md	-	-	-	docs/evidence-verification/rhel-nmap.json
debian/vlc	93f4a37923d32f1aa67f71f2f7f22140be0d77a5	https://github.com/Yunushan/linux-software-installer/actions/runs/29652229194	https://github.com/Yunushan/linux-software-installer/actions/runs/29652229194/artifacts/8432314089	sha256:756df89ebcc27889612281bd46caa05bde73d6268e3db045019b69a9a8dd71d3	02c6e4edfd8c76657790b20562e7c94b44b9761fc76061115d1c39826ed2ce46	debian-12,ubuntu-24-04,ubuntu-26-04	docs/parity-reviews/debian-vlc.md	-	-	-	docs/evidence-verification/debian-vlc.json
debian/audacity	93f4a37923d32f1aa67f71f2f7f22140be0d77a5	https://github.com/Yunushan/linux-software-installer/actions/runs/29652229194	https://github.com/Yunushan/linux-software-installer/actions/runs/29652229194/artifacts/8432314089	sha256:756df89ebcc27889612281bd46caa05bde73d6268e3db045019b69a9a8dd71d3	02c6e4edfd8c76657790b20562e7c94b44b9761fc76061115d1c39826ed2ce46	debian-12,ubuntu-24-04,ubuntu-26-04	docs/parity-reviews/debian-audacity.md	-	-	-	docs/evidence-verification/debian-audacity.json
debian/openshot	93f4a37923d32f1aa67f71f2f7f22140be0d77a5	https://github.com/Yunushan/linux-software-installer/actions/runs/29652229194	https://github.com/Yunushan/linux-software-installer/actions/runs/29652229194/artifacts/8432314089	sha256:756df89ebcc27889612281bd46caa05bde73d6268e3db045019b69a9a8dd71d3	02c6e4edfd8c76657790b20562e7c94b44b9761fc76061115d1c39826ed2ce46	debian-12,ubuntu-24-04,ubuntu-26-04	docs/parity-reviews/debian-openshot.md	-	-	-	docs/evidence-verification/debian-openshot.json
debian/obs-studio	93f4a37923d32f1aa67f71f2f7f22140be0d77a5	https://github.com/Yunushan/linux-software-installer/actions/runs/29652229194	https://github.com/Yunushan/linux-software-installer/actions/runs/29652229194/artifacts/8432314089	sha256:756df89ebcc27889612281bd46caa05bde73d6268e3db045019b69a9a8dd71d3	02c6e4edfd8c76657790b20562e7c94b44b9761fc76061115d1c39826ed2ce46	debian-12,ubuntu-24-04,ubuntu-26-04	docs/parity-reviews/debian-obs-studio.md	-	-	-	docs/evidence-verification/debian-obs-studio.json
debian/deluge	93f4a37923d32f1aa67f71f2f7f22140be0d77a5	https://github.com/Yunushan/linux-software-installer/actions/runs/29652229194	https://github.com/Yunushan/linux-software-installer/actions/runs/29652229194/artifacts/8432314089	sha256:756df89ebcc27889612281bd46caa05bde73d6268e3db045019b69a9a8dd71d3	02c6e4edfd8c76657790b20562e7c94b44b9761fc76061115d1c39826ed2ce46	debian-12,ubuntu-24-04,ubuntu-26-04	docs/parity-reviews/debian-deluge.md	-	-	-	docs/evidence-verification/debian-deluge.json
debian/mpv	93f4a37923d32f1aa67f71f2f7f22140be0d77a5	https://github.com/Yunushan/linux-software-installer/actions/runs/29652229194	https://github.com/Yunushan/linux-software-installer/actions/runs/29652229194/artifacts/8432314089	sha256:756df89ebcc27889612281bd46caa05bde73d6268e3db045019b69a9a8dd71d3	02c6e4edfd8c76657790b20562e7c94b44b9761fc76061115d1c39826ed2ce46	debian-12,ubuntu-24-04,ubuntu-26-04	docs/parity-reviews/debian-mpv.md	-	-	-	docs/evidence-verification/debian-mpv.json
debian/smplayer	93f4a37923d32f1aa67f71f2f7f22140be0d77a5	https://github.com/Yunushan/linux-software-installer/actions/runs/29652229194	https://github.com/Yunushan/linux-software-installer/actions/runs/29652229194/artifacts/8432314089	sha256:756df89ebcc27889612281bd46caa05bde73d6268e3db045019b69a9a8dd71d3	02c6e4edfd8c76657790b20562e7c94b44b9761fc76061115d1c39826ed2ce46	debian-12,ubuntu-24-04,ubuntu-26-04	docs/parity-reviews/debian-smplayer.md	-	-	-	docs/evidence-verification/debian-smplayer.json
debian/kazam	93f4a37923d32f1aa67f71f2f7f22140be0d77a5	https://github.com/Yunushan/linux-software-installer/actions/runs/29652229194	https://github.com/Yunushan/linux-software-installer/actions/runs/29652229194/artifacts/8432314089	sha256:756df89ebcc27889612281bd46caa05bde73d6268e3db045019b69a9a8dd71d3	02c6e4edfd8c76657790b20562e7c94b44b9761fc76061115d1c39826ed2ce46	debian-12,ubuntu-24-04,ubuntu-26-04	docs/parity-reviews/debian-kazam.md	-	-	-	docs/evidence-verification/debian-kazam.json
debian/handbrake	93f4a37923d32f1aa67f71f2f7f22140be0d77a5	https://github.com/Yunushan/linux-software-installer/actions/runs/29652229194	https://github.com/Yunushan/linux-software-installer/actions/runs/29652229194/artifacts/8432314089	sha256:756df89ebcc27889612281bd46caa05bde73d6268e3db045019b69a9a8dd71d3	02c6e4edfd8c76657790b20562e7c94b44b9761fc76061115d1c39826ed2ce46	debian-12,ubuntu-24-04,ubuntu-26-04	docs/parity-reviews/debian-handbrake.md	-	-	-	docs/evidence-verification/debian-handbrake.json
debian/inkscape	93f4a37923d32f1aa67f71f2f7f22140be0d77a5	https://github.com/Yunushan/linux-software-installer/actions/runs/29652229194	https://github.com/Yunushan/linux-software-installer/actions/runs/29652229194/artifacts/8432314089	sha256:756df89ebcc27889612281bd46caa05bde73d6268e3db045019b69a9a8dd71d3	02c6e4edfd8c76657790b20562e7c94b44b9761fc76061115d1c39826ed2ce46	debian-12,ubuntu-24-04,ubuntu-26-04	docs/parity-reviews/debian-inkscape.md	-	-	-	docs/evidence-verification/debian-inkscape.json
debian/kodi	93f4a37923d32f1aa67f71f2f7f22140be0d77a5	https://github.com/Yunushan/linux-software-installer/actions/runs/29652229194	https://github.com/Yunushan/linux-software-installer/actions/runs/29652229194/artifacts/8432314089	sha256:756df89ebcc27889612281bd46caa05bde73d6268e3db045019b69a9a8dd71d3	02c6e4edfd8c76657790b20562e7c94b44b9761fc76061115d1c39826ed2ce46	debian-12,ubuntu-24-04,ubuntu-26-04	docs/parity-reviews/debian-kodi.md	-	-	-	docs/evidence-verification/debian-kodi.json
debian/krita	93f4a37923d32f1aa67f71f2f7f22140be0d77a5	https://github.com/Yunushan/linux-software-installer/actions/runs/29652229194	https://github.com/Yunushan/linux-software-installer/actions/runs/29652229194/artifacts/8432314089	sha256:756df89ebcc27889612281bd46caa05bde73d6268e3db045019b69a9a8dd71d3	02c6e4edfd8c76657790b20562e7c94b44b9761fc76061115d1c39826ed2ce46	debian-12,ubuntu-24-04,ubuntu-26-04	docs/parity-reviews/debian-krita.md	-	-	-	docs/evidence-verification/debian-krita.json
debian/kdenlive	93f4a37923d32f1aa67f71f2f7f22140be0d77a5	https://github.com/Yunushan/linux-software-installer/actions/runs/29652229194	https://github.com/Yunushan/linux-software-installer/actions/runs/29652229194/artifacts/8432314089	sha256:756df89ebcc27889612281bd46caa05bde73d6268e3db045019b69a9a8dd71d3	02c6e4edfd8c76657790b20562e7c94b44b9761fc76061115d1c39826ed2ce46	debian-12,ubuntu-24-04,ubuntu-26-04	docs/parity-reviews/debian-kdenlive.md	-	-	-	docs/evidence-verification/debian-kdenlive.json
debian/clementine	93f4a37923d32f1aa67f71f2f7f22140be0d77a5	https://github.com/Yunushan/linux-software-installer/actions/runs/29652229194	https://github.com/Yunushan/linux-software-installer/actions/runs/29652229194/artifacts/8432314089	sha256:756df89ebcc27889612281bd46caa05bde73d6268e3db045019b69a9a8dd71d3	02c6e4edfd8c76657790b20562e7c94b44b9761fc76061115d1c39826ed2ce46	debian-12,ubuntu-24-04,ubuntu-26-04	docs/parity-reviews/debian-clementine.md	-	-	-	docs/evidence-verification/debian-clementine.json
debian/geary	93f4a37923d32f1aa67f71f2f7f22140be0d77a5	https://github.com/Yunushan/linux-software-installer/actions/runs/29652229194	https://github.com/Yunushan/linux-software-installer/actions/runs/29652229194/artifacts/8432314089	sha256:756df89ebcc27889612281bd46caa05bde73d6268e3db045019b69a9a8dd71d3	02c6e4edfd8c76657790b20562e7c94b44b9761fc76061115d1c39826ed2ce46	debian-12,ubuntu-24-04,ubuntu-26-04	docs/parity-reviews/debian-geary.md	-	-	-	docs/evidence-verification/debian-geary.json
debian/uget	93f4a37923d32f1aa67f71f2f7f22140be0d77a5	https://github.com/Yunushan/linux-software-installer/actions/runs/29652229194	https://github.com/Yunushan/linux-software-installer/actions/runs/29652229194/artifacts/8432314089	sha256:756df89ebcc27889612281bd46caa05bde73d6268e3db045019b69a9a8dd71d3	02c6e4edfd8c76657790b20562e7c94b44b9761fc76061115d1c39826ed2ce46	debian-12,ubuntu-24-04,ubuntu-26-04	docs/parity-reviews/debian-uget.md	-	-	-	docs/evidence-verification/debian-uget.json
debian/sayonara	93f4a37923d32f1aa67f71f2f7f22140be0d77a5	https://github.com/Yunushan/linux-software-installer/actions/runs/29652229194	https://github.com/Yunushan/linux-software-installer/actions/runs/29652229194/artifacts/8432314089	sha256:756df89ebcc27889612281bd46caa05bde73d6268e3db045019b69a9a8dd71d3	02c6e4edfd8c76657790b20562e7c94b44b9761fc76061115d1c39826ed2ce46	debian-12,ubuntu-24-04,ubuntu-26-04	docs/parity-reviews/debian-sayonara.md	-	-	-	docs/evidence-verification/debian-sayonara.json
debian/musicbrainz-picard	93f4a37923d32f1aa67f71f2f7f22140be0d77a5	https://github.com/Yunushan/linux-software-installer/actions/runs/29652229194	https://github.com/Yunushan/linux-software-installer/actions/runs/29652229194/artifacts/8432314089	sha256:756df89ebcc27889612281bd46caa05bde73d6268e3db045019b69a9a8dd71d3	02c6e4edfd8c76657790b20562e7c94b44b9761fc76061115d1c39826ed2ce46	debian-12,ubuntu-24-04,ubuntu-26-04	docs/parity-reviews/debian-musicbrainz-picard.md	-	-	-	docs/evidence-verification/debian-musicbrainz-picard.json
debian/shotcut	93f4a37923d32f1aa67f71f2f7f22140be0d77a5	https://github.com/Yunushan/linux-software-installer/actions/runs/29652229194	https://github.com/Yunushan/linux-software-installer/actions/runs/29652229194/artifacts/8432314089	sha256:756df89ebcc27889612281bd46caa05bde73d6268e3db045019b69a9a8dd71d3	02c6e4edfd8c76657790b20562e7c94b44b9761fc76061115d1c39826ed2ce46	debian-12,ubuntu-24-04,ubuntu-26-04	docs/parity-reviews/debian-shotcut.md	-	-	-	docs/evidence-verification/debian-shotcut.json
debian/okular	93f4a37923d32f1aa67f71f2f7f22140be0d77a5	https://github.com/Yunushan/linux-software-installer/actions/runs/29652229194	https://github.com/Yunushan/linux-software-installer/actions/runs/29652229194/artifacts/8432314089	sha256:756df89ebcc27889612281bd46caa05bde73d6268e3db045019b69a9a8dd71d3	02c6e4edfd8c76657790b20562e7c94b44b9761fc76061115d1c39826ed2ce46	debian-12,ubuntu-24-04,ubuntu-26-04	docs/parity-reviews/debian-okular.md	-	-	-	docs/evidence-verification/debian-okular.json
debian/quassel	93f4a37923d32f1aa67f71f2f7f22140be0d77a5	https://github.com/Yunushan/linux-software-installer/actions/runs/29652229194	https://github.com/Yunushan/linux-software-installer/actions/runs/29652229194/artifacts/8432314089	sha256:756df89ebcc27889612281bd46caa05bde73d6268e3db045019b69a9a8dd71d3	02c6e4edfd8c76657790b20562e7c94b44b9761fc76061115d1c39826ed2ce46	debian-12,ubuntu-24-04,ubuntu-26-04	docs/parity-reviews/debian-quassel.md	-	-	-	docs/evidence-verification/debian-quassel.json
debian/bluefish	93f4a37923d32f1aa67f71f2f7f22140be0d77a5	https://github.com/Yunushan/linux-software-installer/actions/runs/29652229194	https://github.com/Yunushan/linux-software-installer/actions/runs/29652229194/artifacts/8432314089	sha256:756df89ebcc27889612281bd46caa05bde73d6268e3db045019b69a9a8dd71d3	02c6e4edfd8c76657790b20562e7c94b44b9761fc76061115d1c39826ed2ce46	debian-12,ubuntu-24-04,ubuntu-26-04	docs/parity-reviews/debian-bluefish.md	-	-	-	docs/evidence-verification/debian-bluefish.json
debian/geany	93f4a37923d32f1aa67f71f2f7f22140be0d77a5	https://github.com/Yunushan/linux-software-installer/actions/runs/29652229194	https://github.com/Yunushan/linux-software-installer/actions/runs/29652229194/artifacts/8432314089	sha256:756df89ebcc27889612281bd46caa05bde73d6268e3db045019b69a9a8dd71d3	02c6e4edfd8c76657790b20562e7c94b44b9761fc76061115d1c39826ed2ce46	debian-12,ubuntu-24-04,ubuntu-26-04	docs/parity-reviews/debian-geany.md	-	-	-	docs/evidence-verification/debian-geany.json
debian/emacs	93f4a37923d32f1aa67f71f2f7f22140be0d77a5	https://github.com/Yunushan/linux-software-installer/actions/runs/29652229194	https://github.com/Yunushan/linux-software-installer/actions/runs/29652229194/artifacts/8432314089	sha256:756df89ebcc27889612281bd46caa05bde73d6268e3db045019b69a9a8dd71d3	02c6e4edfd8c76657790b20562e7c94b44b9761fc76061115d1c39826ed2ce46	debian-12,ubuntu-24-04,ubuntu-26-04	docs/parity-reviews/debian-emacs.md	-	-	-	docs/evidence-verification/debian-emacs.json
rhel/irssi	93f4a37923d32f1aa67f71f2f7f22140be0d77a5	https://github.com/Yunushan/linux-software-installer/actions/runs/29652229194	https://github.com/Yunushan/linux-software-installer/actions/runs/29652229194/artifacts/8432314089	sha256:756df89ebcc27889612281bd46caa05bde73d6268e3db045019b69a9a8dd71d3	02c6e4edfd8c76657790b20562e7c94b44b9761fc76061115d1c39826ed2ce46	alma-9-8,rocky-9-8	docs/parity-reviews/rhel-irssi.md	-	-	-	docs/evidence-verification/rhel-irssi.json
rhel/emacs	93f4a37923d32f1aa67f71f2f7f22140be0d77a5	https://github.com/Yunushan/linux-software-installer/actions/runs/29652229194	https://github.com/Yunushan/linux-software-installer/actions/runs/29652229194/artifacts/8432314089	sha256:756df89ebcc27889612281bd46caa05bde73d6268e3db045019b69a9a8dd71d3	02c6e4edfd8c76657790b20562e7c94b44b9761fc76061115d1c39826ed2ce46	alma-9-8,rocky-9-8	docs/parity-reviews/rhel-emacs.md	-	-	-	docs/evidence-verification/rhel-emacs.json
rhel/gimp	93f4a37923d32f1aa67f71f2f7f22140be0d77a5	https://github.com/Yunushan/linux-software-installer/actions/runs/29652229194	https://github.com/Yunushan/linux-software-installer/actions/runs/29652229194/artifacts/8432314089	sha256:756df89ebcc27889612281bd46caa05bde73d6268e3db045019b69a9a8dd71d3	02c6e4edfd8c76657790b20562e7c94b44b9761fc76061115d1c39826ed2ce46	alma-9-8,rocky-9-8	docs/parity-reviews/rhel-gimp.md	-	-	-	docs/evidence-verification/rhel-gimp.json
rhel/ruby	93f4a37923d32f1aa67f71f2f7f22140be0d77a5	https://github.com/Yunushan/linux-software-installer/actions/runs/29652229194	https://github.com/Yunushan/linux-software-installer/actions/runs/29652229194/artifacts/8432314089	sha256:756df89ebcc27889612281bd46caa05bde73d6268e3db045019b69a9a8dd71d3	02c6e4edfd8c76657790b20562e7c94b44b9761fc76061115d1c39826ed2ce46	alma-9-8,rocky-9-8	docs/parity-reviews/rhel-ruby.md	-	-	-	docs/evidence-verification/rhel-ruby.json
rhel/build-tools	93f4a37923d32f1aa67f71f2f7f22140be0d77a5	https://github.com/Yunushan/linux-software-installer/actions/runs/29652229194	https://github.com/Yunushan/linux-software-installer/actions/runs/29652229194/artifacts/8432314089	sha256:756df89ebcc27889612281bd46caa05bde73d6268e3db045019b69a9a8dd71d3	02c6e4edfd8c76657790b20562e7c94b44b9761fc76061115d1c39826ed2ce46	alma-9-8,rocky-9-8	docs/parity-reviews/rhel-build-tools.md	-	-	-	docs/evidence-verification/rhel-build-tools.json
rhel/openjdk	93f4a37923d32f1aa67f71f2f7f22140be0d77a5	https://github.com/Yunushan/linux-software-installer/actions/runs/29652229194	https://github.com/Yunushan/linux-software-installer/actions/runs/29652229194/artifacts/8432314089	sha256:756df89ebcc27889612281bd46caa05bde73d6268e3db045019b69a9a8dd71d3	02c6e4edfd8c76657790b20562e7c94b44b9761fc76061115d1c39826ed2ce46	alma-9-8,rocky-9-8	docs/parity-reviews/rhel-openjdk.md	-	-	-	docs/evidence-verification/rhel-openjdk.json
rhel/python	93f4a37923d32f1aa67f71f2f7f22140be0d77a5	https://github.com/Yunushan/linux-software-installer/actions/runs/29652229194	https://github.com/Yunushan/linux-software-installer/actions/runs/29652229194/artifacts/8432314089	sha256:756df89ebcc27889612281bd46caa05bde73d6268e3db045019b69a9a8dd71d3	02c6e4edfd8c76657790b20562e7c94b44b9761fc76061115d1c39826ed2ce46	alma-9-8,rocky-9-8	docs/parity-reviews/rhel-python.md	-	-	-	docs/evidence-verification/rhel-python.json
rhel/nodejs	93f4a37923d32f1aa67f71f2f7f22140be0d77a5	https://github.com/Yunushan/linux-software-installer/actions/runs/29652229194	https://github.com/Yunushan/linux-software-installer/actions/runs/29652229194/artifacts/8432314089	sha256:756df89ebcc27889612281bd46caa05bde73d6268e3db045019b69a9a8dd71d3	02c6e4edfd8c76657790b20562e7c94b44b9761fc76061115d1c39826ed2ce46	alma-9-8,rocky-9-8	docs/parity-reviews/rhel-nodejs.md	-	-	-	docs/evidence-verification/rhel-nodejs.json
rhel/podman	93f4a37923d32f1aa67f71f2f7f22140be0d77a5	https://github.com/Yunushan/linux-software-installer/actions/runs/29652229194	https://github.com/Yunushan/linux-software-installer/actions/runs/29652229194/artifacts/8432314089	sha256:756df89ebcc27889612281bd46caa05bde73d6268e3db045019b69a9a8dd71d3	02c6e4edfd8c76657790b20562e7c94b44b9761fc76061115d1c39826ed2ce46	alma-9-8,rocky-9-8	docs/parity-reviews/rhel-podman.md	-	-	-	docs/evidence-verification/rhel-podman.json
rhel/dotnet-sdk	93f4a37923d32f1aa67f71f2f7f22140be0d77a5	https://github.com/Yunushan/linux-software-installer/actions/runs/29652229194	https://github.com/Yunushan/linux-software-installer/actions/runs/29652229194/artifacts/8432314089	sha256:756df89ebcc27889612281bd46caa05bde73d6268e3db045019b69a9a8dd71d3	02c6e4edfd8c76657790b20562e7c94b44b9761fc76061115d1c39826ed2ce46	alma-9-8,rocky-9-8	docs/parity-reviews/rhel-dotnet-sdk.md	-	-	-	docs/evidence-verification/rhel-dotnet-sdk.json
rhel/vim	93f4a37923d32f1aa67f71f2f7f22140be0d77a5	https://github.com/Yunushan/linux-software-installer/actions/runs/29652229194	https://github.com/Yunushan/linux-software-installer/actions/runs/29652229194/artifacts/8432314089	sha256:756df89ebcc27889612281bd46caa05bde73d6268e3db045019b69a9a8dd71d3	02c6e4edfd8c76657790b20562e7c94b44b9761fc76061115d1c39826ed2ce46	alma-9-8,rocky-9-8	docs/parity-reviews/rhel-vim.md	-	-	-	docs/evidence-verification/rhel-vim.json
rhel/ansible	93f4a37923d32f1aa67f71f2f7f22140be0d77a5	https://github.com/Yunushan/linux-software-installer/actions/runs/29652229194	https://github.com/Yunushan/linux-software-installer/actions/runs/29652229194/artifacts/8432314089	sha256:756df89ebcc27889612281bd46caa05bde73d6268e3db045019b69a9a8dd71d3	02c6e4edfd8c76657790b20562e7c94b44b9761fc76061115d1c39826ed2ce46	alma-9-8,rocky-9-8	docs/parity-reviews/rhel-ansible.md	-	-	-	docs/evidence-verification/rhel-ansible.json
debian/qt	93f4a37923d32f1aa67f71f2f7f22140be0d77a5	https://github.com/Yunushan/linux-software-installer/actions/runs/29652229194	https://github.com/Yunushan/linux-software-installer/actions/runs/29652229194/artifacts/8432314089	sha256:756df89ebcc27889612281bd46caa05bde73d6268e3db045019b69a9a8dd71d3	02c6e4edfd8c76657790b20562e7c94b44b9761fc76061115d1c39826ed2ce46	debian-12,ubuntu-24-04,ubuntu-26-04	docs/parity-reviews/debian-qt.md	-	-	-	docs/evidence-verification/debian-qt.json
debian/timeshift	93f4a37923d32f1aa67f71f2f7f22140be0d77a5	https://github.com/Yunushan/linux-software-installer/actions/runs/29652229194	https://github.com/Yunushan/linux-software-installer/actions/runs/29652229194/artifacts/8432314089	sha256:756df89ebcc27889612281bd46caa05bde73d6268e3db045019b69a9a8dd71d3	02c6e4edfd8c76657790b20562e7c94b44b9761fc76061115d1c39826ed2ce46	debian-12,ubuntu-24-04,ubuntu-26-04	docs/parity-reviews/debian-timeshift.md	-	-	-	docs/evidence-verification/debian-timeshift.json
debian/stacer	93f4a37923d32f1aa67f71f2f7f22140be0d77a5	https://github.com/Yunushan/linux-software-installer/actions/runs/29652229194	https://github.com/Yunushan/linux-software-installer/actions/runs/29652229194/artifacts/8432314089	sha256:756df89ebcc27889612281bd46caa05bde73d6268e3db045019b69a9a8dd71d3	02c6e4edfd8c76657790b20562e7c94b44b9761fc76061115d1c39826ed2ce46	debian-12,ubuntu-24-04,ubuntu-26-04	docs/parity-reviews/debian-stacer.md	-	-	-	docs/evidence-verification/debian-stacer.json
debian/weechat	93f4a37923d32f1aa67f71f2f7f22140be0d77a5	https://github.com/Yunushan/linux-software-installer/actions/runs/29652229194	https://github.com/Yunushan/linux-software-installer/actions/runs/29652229194/artifacts/8432314089	sha256:756df89ebcc27889612281bd46caa05bde73d6268e3db045019b69a9a8dd71d3	02c6e4edfd8c76657790b20562e7c94b44b9761fc76061115d1c39826ed2ce46	debian-12,ubuntu-24-04,ubuntu-26-04	docs/parity-reviews/debian-weechat.md	-	-	-	docs/evidence-verification/debian-weechat.json
debian/playonlinux	93f4a37923d32f1aa67f71f2f7f22140be0d77a5	https://github.com/Yunushan/linux-software-installer/actions/runs/29652229194	https://github.com/Yunushan/linux-software-installer/actions/runs/29652229194/artifacts/8432314089	sha256:756df89ebcc27889612281bd46caa05bde73d6268e3db045019b69a9a8dd71d3	02c6e4edfd8c76657790b20562e7c94b44b9761fc76061115d1c39826ed2ce46	ubuntu-24-04	docs/parity-reviews/debian-playonlinux.md	-	-	-	docs/evidence-verification/debian-playonlinux.json
debian/telegram	93f4a37923d32f1aa67f71f2f7f22140be0d77a5	https://github.com/Yunushan/linux-software-installer/actions/runs/29652229194	https://github.com/Yunushan/linux-software-installer/actions/runs/29652229194/artifacts/8432314089	sha256:756df89ebcc27889612281bd46caa05bde73d6268e3db045019b69a9a8dd71d3	02c6e4edfd8c76657790b20562e7c94b44b9761fc76061115d1c39826ed2ce46	debian-12	docs/parity-reviews/debian-telegram.md	-	-	-	docs/evidence-verification/debian-telegram.json
